game_id,week,game_date,away_team,home_team,away_score,home_score,power_edge,home_field_edge,matchup_edge,recent_form_edge,raw_edge,predicted_winner,actual_winner,actual_home_win,correct
401772510,1,2025-09-05 00:20:00+00:00,Dallas Cowboys,Philadelphia Eagles,20,24,13.627011245255233,1.5,2.0,0.0,17.127011245255233,Philadelphia Eagles,Philadelphia Eagles,1,True
401772714,1,2025-09-06 00:00:00+00:00,Kansas City Chiefs,Los Angeles Chargers,21,27,2.3256019440079703,1.5,0.7142857142857142,0.0,4.539887658293685,Los Angeles Chargers,Los Angeles Chargers,1,True
401772830,1,2025-09-07 17:00:00+00:00,Tampa Bay Buccaneers,Atlanta Falcons,23,20,-7.120129121332473,1.5,-1.2857142857142856,0.0,-6.905843407046759,Tampa Bay Buccaneers,Tampa Bay Buccaneers,0,True
401772829,1,2025-09-07 17:00:00+00:00,Cincinnati Bengals,Cleveland Browns,17,16,-11.456610730193772,1.5,-1.4285714285714286,0.0,-11.3851821587652,Cincinnati Bengals,Cincinnati Bengals,0,True
401772719,1,2025-09-07 17:00:00+00:00,Miami Dolphins,Indianapolis Colts,8,33,-1.3528267116544443,1.5,-0.5714285714285714,0.0,-0.42425528308301574,Miami Dolphins,Indianapolis Colts,1,False
401772720,1,2025-09-07 17:00:00+00:00,Las Vegas Raiders,New England Patriots,20,13,-0.6854853215788852,1.5,-1.0,0.0,-0.1854853215788852,Las Vegas Raiders,Las Vegas Raiders,0,True
401772718,1,2025-09-07 17:00:00+00:00,Arizona Cardinals,New Orleans Saints,20,13,-4.233491347119813,1.5,-1.0,0.0,-3.733491347119813,Arizona Cardinals,Arizona Cardinals,0,True
401772721,1,2025-09-07 17:00:00+00:00,Pittsburgh Steelers,New York Jets,34,32,-1.4814084168612571,1.5,-0.7142857142857144,0.0,-0.6956941311469715,Pittsburgh Steelers,Pittsburgh Steelers,0,True
401772827,1,2025-09-07 17:00:00+00:00,New York Giants,Washington Commanders,6,21,10.328767694175237,1.5,2.0,0.0,13.828767694175237,Washington Commanders,Washington Commanders,1,True
401772828,1,2025-09-07 17:00:00+00:00,Carolina Panthers,Jacksonville Jaguars,10,26,2.1456718223123143,1.5,0.0,0.0,3.6456718223123143,Jacksonville Jaguars,Jacksonville Jaguars,1,True
401772832,1,2025-09-07 20:05:00+00:00,Tennessee Titans,Denver Broncos,12,20,10.004708492061145,1.5,1.7142857142857144,0.0,13.21899420634686,Denver Broncos,Denver Broncos,1,True
401772831,1,2025-09-07 20:05:00+00:00,San Francisco 49ers,Seattle Seahawks,17,13,-0.251878330368565,1.5,0.0,0.0,1.248121669631435,Seattle Seahawks,San Francisco 49ers,0,False
401772722,1,2025-09-07 20:25:00+00:00,Detroit Lions,Green Bay Packers,13,27,-2.10015416555321,1.5,0.2857142857142857,0.0,-0.3144398798389244,Detroit Lions,Green Bay Packers,1,False
401772723,1,2025-09-07 20:25:00+00:00,Houston Texans,Los Angeles Rams,9,14,-1.0428447205490836,1.5,-0.7142857142857142,0.0,-0.2571304348347978,Houston Texans,Los Angeles Rams,1,False
401772918,1,2025-09-08 00:20:00+00:00,Baltimore Ravens,Buffalo Bills,40,41,-3.3819766075568136,1.5,-0.2857142857142857,0.0,-2.167690893271099,Baltimore Ravens,Buffalo Bills,1,False
401772810,1,2025-09-09 00:15:00+00:00,Minnesota Vikings,Chicago Bears,27,24,-8.420320168045935,1.5,-1.0,0.0,-7.920320168045935,Minnesota Vikings,Minnesota Vikings,0,True
401772936,2,2025-09-12 00:15:00+00:00,Washington Commanders,Green Bay Packers,18,27,1.1654846059224129,1.5,0.2857142857142857,-0.5215714285714286,2.4296274630652697,Green Bay Packers,Green Bay Packers,1,True
401772725,2,2025-09-14 17:00:00+00:00,Jacksonville Jaguars,Cincinnati Bengals,27,31,1.9209863435914114,1.5,0.8571428571428571,-1.5,2.778129200734268,Cincinnati Bengals,Cincinnati Bengals,1,True
401772834,2,2025-09-14 17:00:00+00:00,New York Giants,Dallas Cowboys,37,40,4.355139810258059,1.5,-0.2857142857142857,1.1322857142857141,6.701711238829487,Dallas Cowboys,Dallas Cowboys,1,True
401772835,2,2025-09-14 17:00:00+00:00,Chicago Bears,Detroit Lions,21,52,6.120215879440785,1.5,0.8571428571428572,-0.9132857142857143,7.564073022297928,Detroit Lions,Detroit Lions,1,True
401772724,2,2025-09-14 17:00:00+00:00,Los Angeles Rams,Tennessee Titans,33,19,-8.66465209845612,1.5,-1.142857142857143,-1.2664285714285715,-9.573937812741834,Los Angeles Rams,Los Angeles Rams,0,True
401772728,2,2025-09-14 17:00:00+00:00,New England Patriots,Miami Dolphins,33,27,3.76344740390768,1.5,0.8571428571428572,-1.5,4.620590261050538,Miami Dolphins,New England Patriots,0,False
401772833,2,2025-09-14 17:00:00+00:00,San Francisco 49ers,New Orleans Saints,26,21,-5.275763319698104,1.5,-2.0,-0.9342857142857144,-6.710049033983818,San Francisco 49ers,San Francisco 49ers,0,True
401772727,2,2025-09-14 17:00:00+00:00,Buffalo Bills,New York Jets,30,10,-4.085721569013512,1.5,0.4285714285714285,-0.13671428571428573,-2.2938644261563694,Buffalo Bills,Buffalo Bills,0,True
401772836,2,2025-09-14 17:00:00+00:00,Seattle Seahawks,Pittsburgh Steelers,31,17,1.4774845367396234,1.5,0.1428571428571429,0.4894285714285713,3.6097702510253376,Pittsburgh Steelers,Seattle Seahawks,0,False
401772726,2,2025-09-14 17:00:00+00:00,Cleveland Browns,Baltimore Ravens,17,41,15.043459567092114,1.5,0.7142857142857143,-0.678,16.57974528137783,Baltimore Ravens,Baltimore Ravens,1,True
401772729,2,2025-09-14 20:05:00+00:00,Denver Broncos,Indianapolis Colts,28,29,-4.399293523634299,1.5,0.2857142857142857,1.3547142857142858,-1.2588649522057274,Denver Broncos,Indianapolis Colts,1,False
401772730,2,2025-09-14 20:05:00+00:00,Carolina Panthers,Arizona Cardinals,22,27,11.616650142692528,1.5,2.0,1.5,16.616650142692528,Arizona Cardinals,Arizona Cardinals,1,True
401772837,2,2025-09-14 20:25:00+00:00,Philadelphia Eagles,Kansas City Chiefs,20,17,-6.328908389911721,1.5,-2.0,-0.7367142857142858,-7.565622675626007,Philadelphia Eagles,Philadelphia Eagles,0,True
401772919,2,2025-09-15 00:20:00+00:00,Atlanta Falcons,Minnesota Vikings,22,6,5.1159018763744974,1.5,0.14285714285714285,-0.16157142857142853,6.597187590660212,Minnesota Vikings,Atlanta Falcons,0,False
401772715,2,2025-09-15 23:00:00+00:00,Tampa Bay Buccaneers,Houston Texans,20,19,-7.580742881129877,1.5,-1.8571428571428572,-0.3025714285714286,-8.240457166844164,Tampa Bay Buccaneers,Tampa Bay Buccaneers,0,True
401772811,2,2025-09-16 02:00:00+00:00,Los Angeles Chargers,Las Vegas Raiders,20,9,-6.290590752215996,1.5,-0.5714285714285714,0.07157142857142856,-5.290447895073139,Los Angeles Chargers,Los Angeles Chargers,0,True
401772937,3,2025-09-19 00:15:00+00:00,Miami Dolphins,Buffalo Bills,21,31,11.676374623643923,1.5,1.7142857142857142,1.5,16.39066033792964,Buffalo Bills,Buffalo Bills,1,True
401772842,3,2025-09-21 17:00:00+00:00,Green Bay Packers,Cleveland Browns,10,13,-16.112360086483058,1.5,-2.0,-1.5,-18.112360086483058,Green Bay Packers,Cleveland Browns,1,False
401772733,3,2025-09-21 17:00:00+00:00,Indianapolis Colts,Tennessee Titans,41,20,-11.55562293334431,1.5,-1.7142857142857142,-1.5,-13.269908647630023,Indianapolis Colts,Indianapolis Colts,0,True
401772731,3,2025-09-21 17:00:00+00:00,Cincinnati Bengals,Minnesota Vikings,10,48,-0.8079740230903184,1.5,0.0,-0.7146428571428572,-0.02261688023317565,Cincinnati Bengals,Minnesota Vikings,1,False
401772732,3,2025-09-21 17:00:00+00:00,Pittsburgh Steelers,New England Patriots,21,14,-2.212355633129739,1.5,-0.5714285714285714,0.5541428571428572,-0.7296413474154532,Pittsburgh Steelers,Pittsburgh Steelers,0,True
401772839,3,2025-09-21 17:00:00+00:00,Los Angeles Rams,Philadelphia Eagles,26,33,-1.4804465390186463,1.5,-0.5714285714285714,-0.6979285714285713,-1.2498036818757892,Los Angeles Rams,Philadelphia Eagles,1,False
401772840,3,2025-09-21 17:00:00+00:00,New York Jets,Tampa Bay Buccaneers,27,29,7.617645795630172,1.5,0.7142857142857143,1.0294285714285714,10.861360081344456,Tampa Bay Buccaneers,Tampa Bay Buccaneers,1,True
401772841,3,2025-09-21 17:00:00+00:00,Las Vegas Raiders,Washington Commanders,24,41,7.3839523686068365,1.5,2.0,0.5273571428571429,11.41130951146398,Washington Commanders,Washington Commanders,1,True
401772838,3,2025-09-21 17:00:00+00:00,Atlanta Falcons,Carolina Panthers,0,30,-9.984710267795368,1.5,-2.0,-1.5,-11.984710267795368,Atlanta Falcons,Carolina Panthers,1,False
401772734,3,2025-09-21 17:00:00+00:00,Houston Texans,Jacksonville Jaguars,10,17,3.523294146863775,1.5,1.0,1.229142857142857,7.252437004006632,Jacksonville Jaguars,Jacksonville Jaguars,1,True
401772735,3,2025-09-21 20:05:00+00:00,Denver Broncos,Los Angeles Chargers,20,23,2.7071924483692316,1.5,0.8571428571428572,0.8093571428571429,5.873692448369232,Los Angeles Chargers,Los Angeles Chargers,1,True
401772736,3,2025-09-21 20:05:00+00:00,New Orleans Saints,Seattle Seahawks,13,44,5.534786126555003,1.5,1.4285714285714286,0.5472857142857143,9.010643269412146,Seattle Seahawks,Seattle Seahawks,1,True
401772844,3,2025-09-21 20:25:00+00:00,Dallas Cowboys,Chicago Bears,14,31,-3.3806516311852377,1.5,-0.8571428571428571,-1.0879285714285714,-3.8257230597566663,Dallas Cowboys,Chicago Bears,1,False
401772843,3,2025-09-21 20:25:00+00:00,Arizona Cardinals,San Francisco 49ers,15,16,-0.8912122014951991,1.5,0.14285714285714285,0.2781428571428571,1.0297877985048007,San Francisco 49ers,San Francisco 49ers,1,True
401772920,3,2025-09-22 00:20:00+00:00,Kansas City Chiefs,New York Giants,22,9,-6.9411441963428,1.5,-1.7142857142857144,-0.4720714285714287,-7.627501339199943,Kansas City Chiefs,Kansas City Chiefs,0,True
401772812,3,2025-09-23 00:15:00+00:00,Detroit Lions,Baltimore Ravens,38,30,1.8746067487370777,1.5,0.0,-0.28628571428571425,3.088321034451363,Baltimore Ravens,Detroit Lions,0,False
401772938,4,2025-09-26 00:15:00+00:00,Seattle Seahawks,Arizona Cardinals,23,20,-3.2864094030246527,1.5,-1.0,-0.5887142857142856,-3.375123688738938,Seattle Seahawks,Seattle Seahawks,0,True
401772632,4,2025-09-28 13:30:00+00:00,Minnesota Vikings,Pittsburgh Steelers,21,24,-6.876449975286469,1.5,-1.7142857142857142,-0.7177142857142857,-7.80844997528647,Minnesota Vikings,Pittsburgh Steelers,1,False
401772739,4,2025-09-28 17:00:00+00:00,Washington Commanders,Atlanta Falcons,27,34,-5.565101182619729,1.5,-0.8571428571428571,-0.3032857142857143,-5.2255297540483,Washington Commanders,Atlanta Falcons,1,False
401772740,4,2025-09-28 17:00:00+00:00,New Orleans Saints,Buffalo Bills,19,31,13.779086608594783,1.5,2.0,1.5,18.77908660859478,Buffalo Bills,Buffalo Bills,1,True
401772846,4,2025-09-28 17:00:00+00:00,Cleveland Browns,Detroit Lions,10,34,10.041756277546082,1.5,1.0,1.2912857142857144,13.833041991831795,Detroit Lions,Detroit Lions,1,True
401772847,4,2025-09-28 17:00:00+00:00,Carolina Panthers,New England Patriots,13,42,-0.9090367510669886,1.5,-0.2857142857142857,-0.19357142857142873,0.11167753464729702,New England Patriots,New England Patriots,1,True
401772737,4,2025-09-28 17:00:00+00:00,Los Angeles Chargers,New York Giants,18,21,-14.189380264568879,1.5,-2.0,-1.5,-16.18938026456888,Los Angeles Chargers,New York Giants,1,False
401772845,4,2025-09-28 17:00:00+00:00,Philadelphia Eagles,Tampa Bay Buccaneers,31,25,-0.2557252648197865,1.5,0.2857142857142857,0.08414285714285694,1.614131878037356,Tampa Bay Buccaneers,Philadelphia Eagles,0,False
401772738,4,2025-09-28 17:00:00+00:00,Tennessee Titans,Houston Texans,0,26,5.412143066480577,1.5,0.2857142857142858,0.5447142857142856,7.7425716379091485,Houston Texans,Houston Texans,1,True
401772849,4,2025-09-28 20:05:00+00:00,Indianapolis Colts,Los Angeles Rams,20,27,-1.3824598355194713,1.5,0.5714285714285714,-1.0780000000000003,-0.38903126409090016,Indianapolis Colts,Los Angeles Rams,1,False
401772848,4,2025-09-28 20:05:00+00:00,Jacksonville Jaguars,San Francisco 49ers,26,21,0.04465366624547995,1.5,-0.14285714285714285,-0.5177142857142856,0.8840822376740516,San Francisco 49ers,Jacksonville Jaguars,0,False
401772741,4,2025-09-28 20:25:00+00:00,Baltimore Ravens,Kansas City Chiefs,20,37,-1.803120309928493,1.5,0.42857142857142855,0.1885714285714285,0.3140225472143641,Kansas City Chiefs,Kansas City Chiefs,1,True
401772742,4,2025-09-28 20:25:00+00:00,Chicago Bears,Las Vegas Raiders,25,24,-3.8208351939487493,1.5,-1.8571428571428572,-0.26842857142857146,-4.446406622520178,Chicago Bears,Chicago Bears,0,True
401772921,4,2025-09-29 00:20:00+00:00,Green Bay Packers,Dallas Cowboys,40,40,-15.827440800078065,1.5,-1.8571428571428572,-1.3435714285714284,-17.528155085792353,Green Bay Packers,Tie,,False
401772813,4,2025-09-29 23:15:00+00:00,New York Jets,Miami Dolphins,21,27,-1.2550287254456691,1.5,-0.5714285714285714,-0.4385714285714286,-0.7650287254456691,New York Jets,Miami Dolphins,1,False
401772716,4,2025-09-30 00:15:00+00:00,Cincinnati Bengals,Denver Broncos,3,28,10.38967547215992,1.5,1.2857142857142858,1.2267142857142859,14.402104043588492,Denver Broncos,Denver Broncos,1,True
401772939,5,2025-10-03 00:15:00+00:00,San Francisco 49ers,Los Angeles Rams,26,23,4.469276468212641,1.5,0.8571428571428571,0.9451428571428571,7.7715621824983545,Los Angeles Rams,San Francisco 49ers,0,False
401772633,5,2025-10-05 13:30:00+00:00,Minnesota Vikings,Cleveland Browns,21,17,-9.333198266913849,1.5,-0.8571428571428571,-1.5,-10.190341124056706,Minnesota Vikings,Minnesota Vikings,0,True
401772851,5,2025-10-05 17:00:00+00:00,Las Vegas Raiders,Indianapolis Colts,6,40,7.9956212602424435,1.5,1.142857142857143,1.2477142857142858,11.886192688813873,Indianapolis Colts,Indianapolis Colts,1,True
401772744,5,2025-10-05 17:00:00+00:00,New York Giants,New Orleans Saints,14,26,-1.0590665022118273,1.5,0.42857142857142855,-0.6709999999999998,0.19850492635960149,New Orleans Saints,New Orleans Saints,1,True
401772850,5,2025-10-05 17:00:00+00:00,Dallas Cowboys,New York Jets,37,22,0.43690395242558466,1.5,-0.42857142857142855,-0.6300000000000001,0.8783325238541559,New York Jets,Dallas Cowboys,0,False
401772745,5,2025-10-05 17:00:00+00:00,Denver Broncos,Philadelphia Eagles,21,17,-4.582047641190863,1.5,-1.0,-0.27928571428571436,-4.361333355476578,Denver Broncos,Denver Broncos,0,True
401772852,5,2025-10-05 17:00:00+00:00,Miami Dolphins,Carolina Panthers,24,27,-0.28297696242402104,1.5,-0.2857142857142857,0.24014285714285727,1.1714516090045506,Carolina Panthers,Carolina Panthers,1,True
401772743,5,2025-10-05 17:00:00+00:00,Houston Texans,Baltimore Ravens,44,10,0.8531454850687978,1.5,0.2857142857142857,-0.6142857142857144,2.0245740564973693,Baltimore Ravens,Houston Texans,0,False
401772747,5,2025-10-05 20:05:00+00:00,Tennessee Titans,Arizona Cardinals,22,21,13.864621489621493,1.5,0.7142857142857144,1.4951428571428576,17.574050061050066,Arizona Cardinals,Tennessee Titans,0,False
401772746,5,2025-10-05 20:05:00+00:00,Tampa Bay Buccaneers,Seattle Seahawks,38,35,7.207609543529115,1.5,1.0,0.9307142857142854,10.6383238292434,Seattle Seahawks,Tampa Bay Buccaneers,0,False
401772854,5,2025-10-05 20:25:00+00:00,Detroit Lions,Cincinnati Bengals,37,24,-20.268512230900512,1.5,-2.0,-1.5,-22.268512230900512,Detroit Lions,Detroit Lions,0,True
401772853,5,2025-10-05 20:25:00+00:00,Washington Commanders,Los Angeles Chargers,27,10,2.3685492704360627,1.5,0.7142857142857143,0.6705714285714285,5.253406413293206,Los Angeles Chargers,Washington Commanders,0,False
401772922,5,2025-10-06 00:20:00+00:00,New England Patriots,Buffalo Bills,23,20,7.085987201204594,1.5,0.8571428571428572,0.8939999999999999,10.337130058347451,Buffalo Bills,New England Patriots,0,False
401772814,5,2025-10-07 00:15:00+00:00,Kansas City Chiefs,Jacksonville Jaguars,28,31,1.86999226251746,1.5,0.7142857142857142,-0.15828571428571428,3.92599226251746,Jacksonville Jaguars,Jacksonville Jaguars,1,True
401772940,6,2025-10-10 00:15:00+00:00,Philadelphia Eagles,New York Giants,17,34,-10.56780363053986,1.5,-1.5714285714285714,-0.8885714285714286,-11.527803630539859,Philadelphia Eagles,New York Giants,1,False
401772634,6,2025-10-12 13:30:00+00:00,Denver Broncos,New York Jets,13,11,-12.953076406795914,1.5,-1.5714285714285714,-1.5,-14.524504978224485,Denver Broncos,Denver Broncos,0,True
401772856,6,2025-10-12 17:00:00+00:00,Arizona Cardinals,Indianapolis Colts,27,31,8.574053395908264,1.5,1.1428571428571428,1.2644285714285708,12.481339110193977,Indianapolis Colts,Indianapolis Colts,1,True
401772750,6,2025-10-12 17:00:00+00:00,Los Angeles Chargers,Miami Dolphins,29,27,-6.3607212702215925,1.5,-1.2857142857142856,0.34957142857142864,-5.796864127364449,Los Angeles Chargers,Los Angeles Chargers,0,True
401772751,6,2025-10-12 17:00:00+00:00,New England Patriots,New Orleans Saints,25,19,-5.071882245721262,1.5,-0.14285714285714285,-0.6940000000000001,-4.408739388578405,New England Patriots,New England Patriots,0,True
401772748,6,2025-10-12 17:00:00+00:00,Cleveland Browns,Pittsburgh Steelers,9,23,5.74018603025673,1.5,-0.14285714285714285,0.536,7.633328887399587,Pittsburgh Steelers,Pittsburgh Steelers,1,True
401772858,6,2025-10-12 17:00:00+00:00,Dallas Cowboys,Carolina Panthers,27,30,-1.6937009457061398,1.5,-0.42857142857142855,0.3421428571428571,-0.28012951713471135,Dallas Cowboys,Carolina Panthers,1,False
401772857,6,2025-10-12 17:00:00+00:00,Seattle Seahawks,Jacksonville Jaguars,20,12,-4.292042986253512,1.5,-1.2857142857142856,-0.24071428571428566,-4.318471557682083,Seattle Seahawks,Seattle Seahawks,0,True
401772855,6,2025-10-12 17:00:00+00:00,Los Angeles Rams,Baltimore Ravens,17,3,-10.323816732733142,1.5,-2.0,-1.5,-12.323816732733142,Los Angeles Rams,Los Angeles Rams,0,True
401772859,6,2025-10-12 20:05:00+00:00,Tennessee Titans,Las Vegas Raiders,10,20,4.269736375805036,1.5,0.2857142857142857,-0.01914285714285721,6.036307804376464,Las Vegas Raiders,Las Vegas Raiders,1,True
401772752,6,2025-10-12 20:25:00+00:00,Cincinnati Bengals,Green Bay Packers,18,27,18.638022737825054,1.5,2.0,1.5,23.638022737825054,Green Bay Packers,Green Bay Packers,1,True
401772749,6,2025-10-12 20:25:00+00:00,San Francisco 49ers,Tampa Bay Buccaneers,19,30,-0.6543173710919492,1.5,-0.5714285714285714,0.484,0.7582540574794794,Tampa Bay Buccaneers,Tampa Bay Buccaneers,1,True
401772923,6,2025-10-13 00:20:00+00:00,Detroit Lions,Kansas City Chiefs,17,30,-4.205841109602828,1.5,-0.1428571428571429,-0.29642857142857165,-3.145126823888542,Detroit Lions,Kansas City Chiefs,1,False
401772815,6,2025-10-13 23:15:00+00:00,Buffalo Bills,Atlanta Falcons,14,24,-3.338714985579392,1.5,0.7142857142857143,-0.10428571428571423,-1.2287149855793917,Buffalo Bills,Atlanta Falcons,1,False
401772717,6,2025-10-14 00:15:00+00:00,Chicago Bears,Washington Commanders,25,24,5.315762100166688,1.5,0.1428571428571428,0.5662857142857141,7.524904957309545,Washington Commanders,Chicago Bears,0,False
401772941,7,2025-10-17 00:15:00+00:00,Pittsburgh Steelers,Cincinnati Bengals,31,33,-13.734196805249436,1.5,-1.4285714285714284,-1.5,-15.162768233820865,Pittsburgh Steelers,Cincinnati Bengals,1,False
401772635,7,2025-10-19 13:30:00+00:00,Los Angeles Rams,Jacksonville Jaguars,35,7,-6.289698352951709,1.5,-1.5714285714285716,-0.6634285714285714,-7.024555495808853,Los Angeles Rams,Los Angeles Rams,0,True
401772861,7,2025-10-19 17:00:00+00:00,New Orleans Saints,Chicago Bears,14,26,4.101161369958369,1.5,0.7142857142857142,0.9544285714285712,7.269875655672655,Chicago Bears,Chicago Bears,1,True
401772754,7,2025-10-19 17:00:00+00:00,Miami Dolphins,Cleveland Browns,6,31,-3.3886970371351692,1.5,-0.42857142857142855,-0.7988571428571427,-3.11612560856374,Miami Dolphins,Cleveland Browns,1,False
401772755,7,2025-10-19 17:00:00+00:00,New England Patriots,Tennessee Titans,31,13,-12.100900260692105,1.5,-1.2857142857142856,-1.5,-13.386614546406392,New England Patriots,New England Patriots,0,True
401772753,7,2025-10-19 17:00:00+00:00,Las Vegas Raiders,Kansas City Chiefs,0,31,8.355114116373995,1.5,1.0,1.5,12.355114116373995,Kansas City Chiefs,Kansas City Chiefs,1,True
401772862,7,2025-10-19 17:00:00+00:00,Philadelphia Eagles,Minnesota Vikings,28,22,3.770403314287696,1.5,0.4285714285714285,1.5,7.198974742859125,Minnesota Vikings,Philadelphia Eagles,0,False
401772860,7,2025-10-19 17:00:00+00:00,Carolina Panthers,New York Jets,13,6,-4.212383039937219,1.5,-0.42857142857142855,-0.40500000000000014,-3.5459544685086475,Carolina Panthers,Carolina Panthers,0,True
401772757,7,2025-10-19 20:05:00+00:00,New York Giants,Denver Broncos,32,33,12.1535877158659,1.5,1.5714285714285714,0.9667142857142854,16.191730573008755,Denver Broncos,Denver Broncos,1,True
401772756,7,2025-10-19 20:05:00+00:00,Indianapolis Colts,Los Angeles Chargers,38,24,-6.667823460133833,1.5,-0.2857142857142857,-0.7,-6.153537745848118,Indianapolis Colts,Indianapolis Colts,0,True
401772864,7,2025-10-19 20:25:00+00:00,Washington Commanders,Dallas Cowboys,22,44,-4.23455438495339,1.5,-0.1428571428571428,0.4405714285714284,-2.4368400992391046,Washington Commanders,Dallas Cowboys,1,False
401772863,7,2025-10-19 20:25:00+00:00,Green Bay Packers,Arizona Cardinals,27,23,-7.754438371808469,1.5,-1.1428571428571428,-0.5059999999999998,-7.903295514665611,Green Bay Packers,Green Bay Packers,0,True
401772924,7,2025-10-20 00:20:00+00:00,Atlanta Falcons,San Francisco 49ers,10,20,-4.578748750269087,1.5,-1.4285714285714286,-0.6749999999999998,-5.1823201788405155,Atlanta Falcons,San Francisco 49ers,1,False
401772816,7,2025-10-20 23:00:00+00:00,Tampa Bay Buccaneers,Detroit Lions,9,24,3.7220947307766683,1.5,1.2857142857142858,0.32071428571428556,6.828523302205239,Detroit Lions,Detroit Lions,1,True
401772826,7,2025-10-21 02:00:00+00:00,Houston Texans,Seattle Seahawks,19,27,2.528331176667665,1.5,0.4285714285714286,-1.1555714285714285,3.3013311766676656,Seattle Seahawks,Seattle Seahawks,1,True
401772942,8,2025-10-24 00:15:00+00:00,Minnesota Vikings,Los Angeles Chargers,10,37,-1.089921725193078,1.5,-0.8571428571428572,-0.11257142857142846,-0.5596360109073636,Minnesota Vikings,Los Angeles Chargers,1,False
401772760,8,2025-10-26 17:00:00+00:00,Miami Dolphins,Atlanta Falcons,34,10,7.826804790643234,1.5,2.0,1.5,12.826804790643234,Atlanta Falcons,Miami Dolphins,0,False
401772758,8,2025-10-26 17:00:00+00:00,New York Jets,Cincinnati Bengals,39,38,-2.8467084228672315,1.5,-0.8571428571428571,0.4704285714285713,-1.7334227085815175,New York Jets,New York Jets,0,True
401772868,8,2025-10-26 17:00:00+00:00,Cleveland Browns,New England Patriots,13,32,6.404029027704679,1.5,0.8571428571428572,0.5531428571428572,9.314314741990394,New England Patriots,New England Patriots,1,True
401772867,8,2025-10-26 17:00:00+00:00,New York Giants,Philadelphia Eagles,20,38,5.518711251288907,1.5,0.14285714285714285,-0.15828571428571445,7.003282679860336,Philadelphia Eagles,Philadelphia Eagles,1,True
401772865,8,2025-10-26 17:00:00+00:00,Buffalo Bills,Carolina Panthers,40,9,-4.569028091012305,1.5,-0.8571428571428572,0.9139999999999999,-3.0121709481551617,Buffalo Bills,Buffalo Bills,0,True
401772759,8,2025-10-26 17:00:00+00:00,Chicago Bears,Baltimore Ravens,16,30,-6.116737842910129,1.5,-1.5714285714285714,-1.5,-7.6881664143387,Chicago Bears,Baltimore Ravens,1,False
401772866,8,2025-10-26 17:00:00+00:00,San Francisco 49ers,Houston Texans,15,26,3.1267146783079953,1.5,0.42857142857142855,1.5,6.555286106879424,Houston Texans,Houston Texans,1,True
401772869,8,2025-10-26 20:05:00+00:00,Tampa Bay Buccaneers,New Orleans Saints,23,3,-5.220083401009548,1.5,-1.1428571428571428,-0.3112857142857142,-5.174226258152404,Tampa Bay Buccaneers,Tampa Bay Buccaneers,0,True
401772762,8,2025-10-26 20:25:00+00:00,Dallas Cowboys,Denver Broncos,24,44,6.122973830680595,1.5,0.7142857142857142,-0.5301428571428571,7.807116687823453,Denver Broncos,Denver Broncos,1,True
401772761,8,2025-10-26 20:25:00+00:00,Tennessee Titans,Indianapolis Colts,14,38,19.693657576244107,1.5,1.7142857142857142,1.5,24.407943290529822,Indianapolis Colts,Indianapolis Colts,1,True
401772925,8,2025-10-27 00:20:00+00:00,Green Bay Packers,Pittsburgh Steelers,35,25,-3.9204212219273393,1.5,-1.0,-0.06128571428571414,-3.4817069362130533,Green Bay Packers,Green Bay Packers,0,True
401772817,8,2025-10-28 00:15:00+00:00,Washington Commanders,Kansas City Chiefs,7,28,6.562297878930572,1.5,2.0,1.5,11.562297878930572,Kansas City Chiefs,Kansas City Chiefs,1,True
401772943,9,2025-10-31 00:15:00+00:00,Baltimore Ravens,Miami Dolphins,28,6,-0.07605494292025394,1.5,0.0,0.7265714285714284,2.1505164856511745,Miami Dolphins,Baltimore Ravens,0,False
401772765,9,2025-11-02 18:00:00+00:00,Chicago Bears,Cincinnati Bengals,47,42,-8.58543133861457,1.5,-1.5714285714285716,-0.6529999999999998,-9.309859910043143,Chicago Bears,Chicago Bears,0,True
401772871,9,2025-11-02 18:00:00+00:00,Minnesota Vikings,Detroit Lions,27,24,8.814209092545674,1.5,1.5714285714285714,1.5,13.385637663974245,Detroit Lions,Minnesota Vikings,0,False
401772872,9,2025-11-02 18:00:00+00:00,Carolina Panthers,Green Bay Packers,16,13,12.327002882861459,1.5,2.0,1.2087142857142856,17.035717168575744,Green Bay Packers,Carolina Panthers,0,False
401772764,9,2025-11-02 18:00:00+00:00,Los Angeles Chargers,Tennessee Titans,27,20,-14.401866981825219,1.5,-2.0,-1.5,-16.40186698182522,Los Angeles Chargers,Los Angeles Chargers,0,True
401772763,9,2025-11-02 18:00:00+00:00,Atlanta Falcons,New England Patriots,23,24,4.300361412832878,1.5,-0.8571428571428572,1.5,6.44321855569002,New England Patriots,New England Patriots,1,True
401772767,9,2025-11-02 18:00:00+00:00,San Francisco 49ers,New York Giants,34,24,-4.771220968697908,1.5,-0.5714285714285714,0.4385714285714288,-3.4040781115550507,San Francisco 49ers,San Francisco 49ers,0,True
401772766,9,2025-11-02 18:00:00+00:00,Indianapolis Colts,Pittsburgh Steelers,20,27,-8.63690528958714,1.5,-1.0,-1.3002857142857145,-9.437191003872854,Indianapolis Colts,Pittsburgh Steelers,1,False
401772870,9,2025-11-02 18:00:00+00:00,Denver Broncos,Houston Texans,18,15,-4.423977986555498,1.5,-1.0,0.7539999999999999,-3.1699779865554976,Denver Broncos,Denver Broncos,0,True
401772873,9,2025-11-02 21:05:00+00:00,Jacksonville Jaguars,Las Vegas Raiders,30,29,-6.405408149450244,1.5,-0.8571428571428571,-0.608857142857143,-6.371408149450243,Jacksonville Jaguars,Jacksonville Jaguars,0,True
401772874,9,2025-11-02 21:05:00+00:00,New Orleans Saints,Los Angeles Rams,10,34,13.034387660785576,1.5,1.4285714285714286,1.5,17.462959089357007,Los Angeles Rams,Los Angeles Rams,1,True
401772768,9,2025-11-02 21:25:00+00:00,Kansas City Chiefs,Buffalo Bills,21,28,-1.3338456600958457,1.5,-0.5714285714285714,-1.5,-1.905274231524417,Kansas City Chiefs,Buffalo Bills,1,False
401772926,9,2025-11-03 01:20:00+00:00,Seattle Seahawks,Washington Commanders,38,14,-7.474868345177859,1.5,-1.5714285714285714,-1.4868571428571429,-9.033154059463573,Seattle Seahawks,Seattle Seahawks,0,True
401772818,9,2025-11-04 01:15:00+00:00,Arizona Cardinals,Dallas Cowboys,27,17,-1.8235531602270574,1.5,0.7142857142857143,0.15985714285714317,0.5505896969158001,Dallas Cowboys,Arizona Cardinals,0,False
401772944,10,2025-11-07 01:15:00+00:00,Las Vegas Raiders,Denver Broncos,7,10,13.346513059776097,1.5,2.0,1.2304285714285714,18.07694163120467,Denver Broncos,Denver Broncos,1,True
401772636,10,2025-11-09 14:30:00+00:00,Atlanta Falcons,Indianapolis Colts,25,31,8.645284590022403,1.5,0.4285714285714286,1.3315714285714286,11.90542744716526,Indianapolis Colts,Indianapolis Colts,1,True
401772875,10,2025-11-09 18:00:00+00:00,New York Giants,Chicago Bears,20,24,6.553529165194378,1.5,1.2857142857142858,1.4624285714285716,10.801672022337236,Chicago Bears,Chicago Bears,1,True
401772771,10,2025-11-09 18:00:00+00:00,Buffalo Bills,Miami Dolphins,13,30,-11.964535596584396,1.5,-2.0,-1.4917142857142855,-13.956249882298682,Buffalo Bills,Miami Dolphins,1,False
401772876,10,2025-11-09 18:00:00+00:00,Baltimore Ravens,Minnesota Vikings,27,19,-0.6447274633133377,1.5,0.42857142857142855,-1.5,-0.21615603474190914,Baltimore Ravens,Baltimore Ravens,0,True
401772769,10,2025-11-09 18:00:00+00:00,Cleveland Browns,New York Jets,20,27,-1.2985594525689086,1.5,-0.8571428571428571,-0.20800000000000002,-0.8637023097117658,Cleveland Browns,New York Jets,1,False
401772772,10,2025-11-09 18:00:00+00:00,New England Patriots,Tampa Bay Buccaneers,28,23,-2.0818454107770004,1.5,0.0,-0.6038571428571429,-1.1857025536341432,New England Patriots,New England Patriots,0,True
401772877,10,2025-11-09 18:00:00+00:00,New Orleans Saints,Carolina Panthers,17,7,2.4148535749881788,1.5,-0.1428571428571428,1.321,5.092996432131036,Carolina Panthers,New Orleans Saints,0,False
401772770,10,2025-11-09 18:00:00+00:00,Jacksonville Jaguars,Houston Texans,29,36,3.423758846973134,1.5,0.7142857142857142,1.1369999999999998,6.775044561258849,Houston Texans,Houston Texans,1,True
401772773,10,2025-11-09 21:05:00+00:00,Arizona Cardinals,Seattle Seahawks,22,44,7.2805639142799174,1.5,0.5714285714285714,0.5215714285714284,9.873563914279917,Seattle Seahawks,Seattle Seahawks,1,True
401772879,10,2025-11-09 21:25:00+00:00,Los Angeles Rams,San Francisco 49ers,42,26,-8.777926433209133,1.5,-2.0,-1.5,-10.777926433209133,Los Angeles Rams,Los Angeles Rams,0,True
401772878,10,2025-11-09 21:25:00+00:00,Detroit Lions,Washington Commanders,44,22,-9.276238131232223,1.5,-2.0,-1.5,-11.276238131232223,Detroit Lions,Detroit Lions,0,True
401772927,10,2025-11-10 01:20:00+00:00,Pittsburgh Steelers,Los Angeles Chargers,10,25,2.111810049883972,1.5,1.2857142857142856,0.8834285714285712,5.780952907026829,Los Angeles Chargers,Los Angeles Chargers,1,True
401772630,10,2025-11-11 01:15:00+00:00,Philadelphia Eagles,Green Bay Packers,10,7,3.979216616716619,1.5,1.5714285714285714,0.21342857142857127,7.264073759573762,Green Bay Packers,Philadelphia Eagles,0,False
401772945,11,2025-11-14 01:15:00+00:00,New York Jets,New England Patriots,14,27,8.978763989023044,1.5,0.2857142857142857,0.8315714285714284,11.596049703308758,New England Patriots,New England Patriots,1,True
401772631,11,2025-11-16 14:30:00+00:00,Washington Commanders,Miami Dolphins,13,16,0.7989556591375573,1.5,-0.2857142857142857,1.5,3.5132413734232717,Miami Dolphins,Miami Dolphins,1,True
401772882,11,2025-11-16 18:00:00+00:00,Carolina Panthers,Atlanta Falcons,30,27,3.7725404415390265,1.5,1.1428571428571428,0.5859999999999999,7.0013975843961695,Atlanta Falcons,Carolina Panthers,0,False
401772776,11,2025-11-16 18:00:00+00:00,Tampa Bay Buccaneers,Buffalo Bills,32,44,3.870927900770951,1.5,1.8571428571428572,0.826,8.05407075791381,Buffalo Bills,Buffalo Bills,1,True
401772881,11,2025-11-16 18:00:00+00:00,Houston Texans,Tennessee Titans,16,13,-15.42986908480759,1.5,-2.0,-1.5,-17.429869084807592,Houston Texans,Houston Texans,0,True
401772880,11,2025-11-16 18:00:00+00:00,Chicago Bears,Minnesota Vikings,19,17,-3.3305034170930394,1.5,-1.2857142857142856,-1.248142857142857,-4.364360559950182,Chicago Bears,Chicago Bears,0,True
401772883,11,2025-11-16 18:00:00+00:00,Green Bay Packers,New York Giants,27,20,-10.81375639947192,1.5,-1.8571428571428572,-1.0228571428571427,-12.193756399471921,Green Bay Packers,Green Bay Packers,0,True
401772774,11,2025-11-16 18:00:00+00:00,Cincinnati Bengals,Pittsburgh Steelers,12,34,7.974187434047292,1.5,0.8571428571428572,-0.384,9.947330291190148,Pittsburgh Steelers,Pittsburgh Steelers,1,True
401772775,11,2025-11-16 18:00:00+00:00,Los Angeles Chargers,Jacksonville Jaguars,6,35,-6.652938865302554,1.5,-1.7142857142857144,-1.5,-8.367224579588267,Los Angeles Chargers,Jacksonville Jaguars,1,False
401772884,11,2025-11-16 21:05:00+00:00,Seattle Seahawks,Los Angeles Rams,19,21,-0.1591180655118265,1.5,0.7142857142857143,0.6829999999999997,2.7381676487738877,Los Angeles Rams,Los Angeles Rams,1,True
401772885,11,2025-11-16 21:05:00+00:00,San Francisco 49ers,Arizona Cardinals,41,22,0.3516491610740643,1.5,0.5714285714285714,0.6818571428571432,3.1049348753597785,Arizona Cardinals,San Francisco 49ers,0,False
401772777,11,2025-11-16 21:25:00+00:00,Baltimore Ravens,Cleveland Browns,23,16,-3.192697169316014,1.5,0.7142857142857142,-1.0115714285714286,-1.9899828836017284,Baltimore Ravens,Baltimore Ravens,0,True
401772778,11,2025-11-16 21:25:00+00:00,Kansas City Chiefs,Denver Broncos,19,22,1.697158330201204,1.5,-0.8571428571428571,-0.7792857142857142,1.5607297587726325,Denver Broncos,Denver Broncos,1,True
401772928,11,2025-11-17 01:20:00+00:00,Detroit Lions,Philadelphia Eagles,9,16,-3.8400125352153687,1.5,-1.5714285714285714,-0.14499999999999993,-4.056441106643939,Detroit Lions,Philadelphia Eagles,1,False
401772819,11,2025-11-18 01:15:00+00:00,Dallas Cowboys,Las Vegas Raiders,33,16,-2.2047426239758465,1.5,-0.4285714285714286,-0.7131428571428571,-1.8464569096901322,Dallas Cowboys,Dallas Cowboys,0,True
401772946,12,2025-11-21 01:15:00+00:00,Buffalo Bills,Houston Texans,19,23,-1.650406193427992,1.5,-0.14285714285714285,0.5192857142857144,0.2260223780005794,Houston Texans,Houston Texans,1,True
401772780,12,2025-11-23 18:00:00+00:00,Pittsburgh Steelers,Chicago Bears,28,31,0.5114023096614573,1.5,0.8571428571428571,0.3824285714285714,3.250973738232886,Chicago Bears,Chicago Bears,1,True
401772781,12,2025-11-23 18:00:00+00:00,New England Patriots,Cincinnati Bengals,26,20,-12.803526325003475,1.5,-2.0,-1.493285714285714,-14.796812039289188,New England Patriots,New England Patriots,0,True
401772888,12,2025-11-23 18:00:00+00:00,New York Giants,Detroit Lions,27,34,12.085488899397438,1.5,2.0,1.0182857142857142,16.603774613683154,Detroit Lions,Detroit Lions,1,True
401772887,12,2025-11-23 18:00:00+00:00,Minnesota Vikings,Green Bay Packers,6,23,7.927452395179954,1.5,1.7142857142857144,0.6068571428571428,11.748595252322813,Green Bay Packers,Green Bay Packers,1,True
401772886,12,2025-11-23 18:00:00+00:00,Seattle Seahawks,Tennessee Titans,30,24,-17.986242659956012,1.5,-2.0,-1.5,-19.986242659956012,Seattle Seahawks,Seattle Seahawks,0,True
401772779,12,2025-11-23 18:00:00+00:00,Indianapolis Colts,Kansas City Chiefs,20,23,-3.5458715486378507,1.5,0.2857142857142857,-0.39828571428571435,-2.1584429772092797,Indianapolis Colts,Kansas City Chiefs,1,False
401772782,12,2025-11-23 18:00:00+00:00,New York Jets,Baltimore Ravens,10,23,6.233239412963142,1.5,0.14285714285714285,1.422,9.298096555820285,Baltimore Ravens,Baltimore Ravens,1,True
401772784,12,2025-11-23 21:05:00+00:00,Cleveland Browns,Las Vegas Raiders,24,10,-2.0975555613278045,1.5,-1.5714285714285714,0.11528571428571419,-2.0536984184706615,Cleveland Browns,Cleveland Browns,0,True
401772783,12,2025-11-23 21:05:00+00:00,Jacksonville Jaguars,Arizona Cardinals,27,24,-0.6052770252075416,1.5,-0.4285714285714286,-0.7592857142857138,-0.29313416806468395,Jacksonville Jaguars,Jacksonville Jaguars,0,True
401772890,12,2025-11-23 21:25:00+00:00,Philadelphia Eagles,Dallas Cowboys,21,24,-4.169915516096255,1.5,-0.4285714285714286,-1.300142857142857,-4.398629801810541,Philadelphia Eagles,Dallas Cowboys,1,False
401772889,12,2025-11-23 21:25:00+00:00,Atlanta Falcons,New Orleans Saints,24,10,-4.040811848983248,1.5,-1.2857142857142858,-0.4065714285714287,-4.233097563268962,Atlanta Falcons,Atlanta Falcons,0,True
401772929,12,2025-11-24 01:20:00+00:00,Tampa Bay Buccaneers,Los Angeles Rams,7,34,8.524987812010654,1.5,1.8571428571428572,1.0774285714285716,12.959559240582083,Los Angeles Rams,Los Angeles Rams,1,True
401772820,12,2025-11-25 01:15:00+00:00,Carolina Panthers,San Francisco 49ers,9,20,4.146426101605131,1.5,0.7142857142857143,0.2765714285714283,6.6372832444622745,San Francisco 49ers,San Francisco 49ers,1,True
401772891,13,2025-11-27 18:00:00+00:00,Green Bay Packers,Detroit Lions,31,24,-0.8301863308829862,1.5,0.14285714285714285,-0.1471428571428574,0.6655279548312991,Detroit Lions,Green Bay Packers,0,False
401772694,13,2025-11-27 21:30:00+00:00,Kansas City Chiefs,Dallas Cowboys,28,31,-4.768483496708162,1.5,-1.7142857142857144,0.5415714285714287,-4.4411977824224484,Kansas City Chiefs,Dallas Cowboys,1,False
401772930,13,2025-11-28 01:20:00+00:00,Cincinnati Bengals,Baltimore Ravens,32,14,9.137454717158674,1.5,0.7142857142857143,1.5,12.851740431444387,Baltimore Ravens,Cincinnati Bengals,0,False
401772621,13,2025-11-28 20:00:00+00:00,Chicago Bears,Philadelphia Eagles,24,15,0.5666582117481278,1.5,-1.5714285714285714,-0.2547142857142856,0.2405153546052708,Philadelphia Eagles,Chicago Bears,0,False
401772785,13,2025-11-30 18:00:00+00:00,San Francisco 49ers,Cleveland Browns,26,8,-3.167757650405381,1.5,0.14285714285714285,-0.048000000000000126,-1.5729005075482383,San Francisco 49ers,San Francisco 49ers,0,True
401772786,13,2025-11-30 18:00:00+00:00,Jacksonville Jaguars,Tennessee Titans,25,3,-10.346304793229171,1.5,-1.5714285714285716,-0.7681428571428572,-11.1858762218006,Jacksonville Jaguars,Jacksonville Jaguars,0,True
401772787,13,2025-11-30 18:00:00+00:00,Houston Texans,Indianapolis Colts,20,16,3.7889342528666052,1.5,1.1428571428571428,-1.0084285714285712,5.423362824295176,Indianapolis Colts,Houston Texans,0,False
401772892,13,2025-11-30 18:00:00+00:00,New Orleans Saints,Miami Dolphins,17,21,2.2248622066590378,1.5,-0.5714285714285714,0.5442857142857143,3.6977193495161806,Miami Dolphins,Miami Dolphins,1,True
401772893,13,2025-11-30 18:00:00+00:00,Atlanta Falcons,New York Jets,24,27,-6.047902421967041,1.5,-1.857142857142857,-0.6045714285714283,-7.009616707681326,Atlanta Falcons,New York Jets,1,False
401772895,13,2025-11-30 18:00:00+00:00,Arizona Cardinals,Tampa Bay Buccaneers,17,20,-1.4726528553156628,1.5,-0.14285714285714285,-0.5260000000000002,-0.6415099981728059,Arizona Cardinals,Tampa Bay Buccaneers,1,False
401772894,13,2025-11-30 18:00:00+00:00,Los Angeles Rams,Carolina Panthers,28,31,-13.849589339973427,1.5,-2.0,-1.5,-15.849589339973427,Los Angeles Rams,Carolina Panthers,1,False
401772896,13,2025-11-30 21:05:00+00:00,Minnesota Vikings,Seattle Seahawks,0,26,10.708242882137153,1.5,2.0,1.5,15.708242882137153,Seattle Seahawks,Seattle Seahawks,1,True
401772789,13,2025-11-30 21:25:00+00:00,Buffalo Bills,Pittsburgh Steelers,26,7,-3.2324016763279273,1.5,-1.0,0.3841428571428571,-2.3482588191850704,Buffalo Bills,Buffalo Bills,0,True
401772788,13,2025-11-30 21:25:00+00:00,Las Vegas Raiders,Los Angeles Chargers,14,31,8.294987018170382,1.5,1.5714285714285714,0.681142857142857,12.04755844674181,Los Angeles Chargers,Los Angeles Chargers,1,True
401772931,13,2025-12-01 01:20:00+00:00,Denver Broncos,Washington Commanders,27,26,-10.889189159877382,1.5,-1.5714285714285714,-1.494714285714286,-12.45533201702024,Denver Broncos,Denver Broncos,0,True
401772821,13,2025-12-02 01:15:00+00:00,New York Giants,New England Patriots,15,33,9.45516673105131,1.5,1.5714285714285714,1.112,13.638595302479882,New England Patriots,New England Patriots,1,True
401772947,14,2025-12-05 01:15:00+00:00,Dallas Cowboys,Detroit Lions,30,44,6.289076682910201,1.5,1.2857142857142856,-0.8947142857142858,8.180076682910201,Detroit Lions,Detroit Lions,1,True
401772900,14,2025-12-07 18:00:00+00:00,Seattle Seahawks,Atlanta Falcons,37,9,-7.4179224229445,1.5,-0.14285714285714285,-0.755857142857143,-6.816636708658786,Seattle Seahawks,Seattle Seahawks,0,True
401772902,14,2025-12-07 18:00:00+00:00,Cincinnati Bengals,Buffalo Bills,34,39,12.197006258868399,1.5,2.0,0.6237142857142857,16.320720544582684,Buffalo Bills,Buffalo Bills,1,True
401772898,14,2025-12-07 18:00:00+00:00,Tennessee Titans,Cleveland Browns,31,29,7.436892534496605,1.5,1.7142857142857144,0.5731428571428571,11.224321105925176,Cleveland Browns,Tennessee Titans,0,False
401772899,14,2025-12-07 18:00:00+00:00,Washington Commanders,Minnesota Vikings,0,31,0.09920126469287283,1.5,0.0,-0.8712857142857142,0.7279155504071586,Minnesota Vikings,Minnesota Vikings,1,True
401772790,14,2025-12-07 18:00:00+00:00,Miami Dolphins,New York Jets,34,10,-2.377849050073801,1.5,0.5714285714285714,-1.3892857142857142,-1.6957061929309438,Miami Dolphins,Miami Dolphins,0,True
401772792,14,2025-12-07 18:00:00+00:00,New Orleans Saints,Tampa Bay Buccaneers,24,20,2.7155667134345367,1.5,-0.1428571428571429,-0.8440000000000001,3.2287095705773936,Tampa Bay Buccaneers,New Orleans Saints,0,False
401772793,14,2025-12-07 18:00:00+00:00,Indianapolis Colts,Jacksonville Jaguars,19,36,-5.739040744873593,1.5,-1.2857142857142856,1.114142857142857,-4.410612173445021,Indianapolis Colts,Jacksonville Jaguars,1,False
401772791,14,2025-12-07 18:00:00+00:00,Pittsburgh Steelers,Baltimore Ravens,27,22,0.08130649739059065,1.5,-0.42857142857142855,-0.1842857142857144,0.9684493545334476,Baltimore Ravens,Pittsburgh Steelers,0,False
401772794,14,2025-12-07 21:05:00+00:00,Denver Broncos,Las Vegas Raiders,24,17,-13.101111229019217,1.5,-2.0,-1.2851428571428571,-14.886254086162074,Denver Broncos,Denver Broncos,0,True
401772897,14,2025-12-07 21:25:00+00:00,Chicago Bears,Green Bay Packers,21,28,4.736277113219052,1.5,0.5714285714285715,0.41757142857142826,7.225277113219052,Green Bay Packers,Green Bay Packers,1,True
401772901,14,2025-12-07 21:25:00+00:00,Los Angeles Rams,Arizona Cardinals,45,17,-9.497409000567764,1.5,-2.0,-0.8627142857142854,-10.860123286282048,Los Angeles Rams,Los Angeles Rams,0,True
401772932,14,2025-12-08 01:20:00+00:00,Houston Texans,Kansas City Chiefs,20,10,-0.2518938374597375,1.5,0.42857142857142855,-0.6159999999999999,1.0606775911116912,Kansas City Chiefs,Houston Texans,0,False
401772822,14,2025-12-09 01:15:00+00:00,Philadelphia Eagles,Los Angeles Chargers,19,22,1.2763269418191565,1.5,2.0,0.722857142857143,5.4991840846763,Los Angeles Chargers,Los Angeles Chargers,1,True
401772948,15,2025-12-12 01:15:00+00:00,Atlanta Falcons,Tampa Bay Buccaneers,29,28,-1.4516923250152372,1.5,-2.0,-0.2904285714285713,-2.2421208964438084,Atlanta Falcons,Atlanta Falcons,0,True
401772904,15,2025-12-14 18:00:00+00:00,Cleveland Browns,Chicago Bears,3,31,3.724902175055859,1.5,0.42857142857142855,0.5174285714285713,6.1709021750558595,Chicago Bears,Chicago Bears,1,True
401772796,15,2025-12-14 18:00:00+00:00,Baltimore Ravens,Cincinnati Bengals,24,0,-6.545301844443268,1.5,-0.2857142857142857,0.6015714285714284,-4.729444701586125,Baltimore Ravens,Baltimore Ravens,0,True
401772798,15,2025-12-14 18:00:00+00:00,Los Angeles Chargers,Kansas City Chiefs,16,13,-0.46293386726120467,1.5,0.5714285714285714,-0.20285714285714307,1.4056375613102237,Kansas City Chiefs,Los Angeles Chargers,0,False
401772795,15,2025-12-14 18:00:00+00:00,Buffalo Bills,New England Patriots,35,31,-0.13432387277117197,1.5,0.5714285714285714,0.5865714285714286,2.523676127228828,New England Patriots,Buffalo Bills,0,False
401772905,15,2025-12-14 18:00:00+00:00,Washington Commanders,New York Giants,29,21,-0.39920910264861487,1.5,0.1428571428571428,0.13257142857142873,1.3762194687799567,New York Giants,Washington Commanders,0,False
401772906,15,2025-12-14 18:00:00+00:00,Las Vegas Raiders,Philadelphia Eagles,0,31,8.299800517154576,1.5,1.7142857142857144,0.2727142857142856,11.786800517154576,Philadelphia Eagles,Philadelphia Eagles,1,True
401772797,15,2025-12-14 18:00:00+00:00,New York Jets,Jacksonville Jaguars,20,48,8.621804045106506,1.5,1.0,1.5,12.621804045106506,Jacksonville Jaguars,Jacksonville Jaguars,1,True
401772903,15,2025-12-14 18:00:00+00:00,Arizona Cardinals,Houston Texans,20,40,5.982978031434451,1.5,1.0,1.3945714285714286,9.877549460005879,Houston Texans,Houston Texans,1,True
401772800,15,2025-12-14 21:25:00+00:00,Green Bay Packers,Denver Broncos,26,34,-0.7333686635527581,1.5,0.0,-0.538142857142857,0.22848847930438487,Denver Broncos,Denver Broncos,1,True
401772909,15,2025-12-14 21:25:00+00:00,Detroit Lions,Los Angeles Rams,34,41,3.3018580740791004,1.5,0.2857142857142857,0.8695714285714284,5.957143788364815,Los Angeles Rams,Los Angeles Rams,1,True
401772908,15,2025-12-14 21:25:00+00:00,Carolina Panthers,New Orleans Saints,17,20,-0.17847378505171907,1.5,0.5714285714285715,-0.7467142857142857,1.1462405006625669,New Orleans Saints,New Orleans Saints,1,True
401772907,15,2025-12-14 21:25:00+00:00,Tennessee Titans,San Francisco 49ers,24,37,11.662678798032076,1.5,1.2857142857142856,1.5,15.94839308374636,San Francisco 49ers,San Francisco 49ers,1,True
401772799,15,2025-12-14 21:25:00+00:00,Indianapolis Colts,Seattle Seahawks,16,18,3.848304747752045,1.5,0.14285714285714285,1.5,6.991161890609188,Seattle Seahawks,Seattle Seahawks,1,True
401772933,15,2025-12-15 01:20:00+00:00,Minnesota Vikings,Dallas Cowboys,34,26,0.02801990117626918,1.5,-0.14285714285714285,0.3274285714285712,1.7125913297476976,Dallas Cowboys,Minnesota Vikings,0,False
401772823,15,2025-12-16 01:15:00+00:00,Miami Dolphins,Pittsburgh Steelers,15,28,1.1964184197803047,1.5,-0.14285714285714285,-1.5,1.053561276923162,Pittsburgh Steelers,Pittsburgh Steelers,1,True
401772949,16,2025-12-19 01:15:00+00:00,Los Angeles Rams,Seattle Seahawks,37,38,-0.1179334830819112,1.5,-0.7142857142857143,0.9855714285714283,1.6533522312038027,Seattle Seahawks,Seattle Seahawks,1,True
401772612,16,2025-12-20 22:00:00+00:00,Philadelphia Eagles,Washington Commanders,29,18,-8.40036702341447,1.5,-1.8571428571428572,-1.3458571428571429,-10.10336702341447,Philadelphia Eagles,Philadelphia Eagles,0,True
401772613,16,2025-12-21 01:20:00+00:00,Green Bay Packers,Chicago Bears,16,22,-3.391315620709145,1.5,-0.2857142857142858,1.0585714285714285,-1.1184584778520021,Green Bay Packers,Chicago Bears,1,False
401772802,16,2025-12-21 18:00:00+00:00,Buffalo Bills,Cleveland Browns,23,20,-8.251880079078054,1.5,-1.0,-1.5,-9.251880079078054,Buffalo Bills,Buffalo Bills,0,True
401772910,16,2025-12-21 18:00:00+00:00,Los Angeles Chargers,Dallas Cowboys,34,17,-4.995218333126406,1.5,-1.4285714285714286,-1.1510000000000005,-6.0747897616978355,Los Angeles Chargers,Los Angeles Chargers,0,True
401772803,16,2025-12-21 18:00:00+00:00,Kansas City Chiefs,Tennessee Titans,9,26,-11.83790531808539,1.5,-2.0,-0.2615714285714286,-12.59947674665682,Kansas City Chiefs,Tennessee Titans,1,False
401772934,16,2025-12-21 18:00:00+00:00,Cincinnati Bengals,Miami Dolphins,45,21,7.1242897070961355,1.5,1.0,0.7042857142857145,10.32857542138185,Miami Dolphins,Cincinnati Bengals,0,False
401772801,16,2025-12-21 18:00:00+00:00,New York Jets,New Orleans Saints,6,29,3.8380731205220986,1.5,0.8571428571428572,1.5,7.695215977664956,New Orleans Saints,New Orleans Saints,1,True
401772911,16,2025-12-21 18:00:00+00:00,Minnesota Vikings,New York Giants,16,13,-4.150780986125314,1.5,-0.5714285714285714,-0.7894285714285714,-4.011638128982456,Minnesota Vikings,Minnesota Vikings,0,True
401772912,16,2025-12-21 18:00:00+00:00,Tampa Bay Buccaneers,Carolina Panthers,20,23,-1.2152203720776629,1.5,0.0,-0.06871428571428584,0.2160653422080513,Carolina Panthers,Carolina Panthers,1,True
401772913,16,2025-12-21 21:05:00+00:00,Jacksonville Jaguars,Denver Broncos,34,20,2.987433367109874,1.5,1.1428571428571428,-1.449714285714286,4.1805762242527305,Denver Broncos,Jacksonville Jaguars,0,False
401772914,16,2025-12-21 21:05:00+00:00,Atlanta Falcons,Arizona Cardinals,26,19,-2.409698819410365,1.5,-1.7142857142857144,-0.893,-3.516984533696079,Atlanta Falcons,Atlanta Falcons,0,True
401772806,16,2025-12-21 21:25:00+00:00,Pittsburgh Steelers,Detroit Lions,29,24,4.781513394231659,1.5,1.1428571428571428,0.28585714285714275,7.710227679945945,Detroit Lions,Pittsburgh Steelers,0,False
401772805,16,2025-12-21 21:25:00+00:00,Las Vegas Raiders,Houston Texans,21,23,12.808043564015577,1.5,1.5714285714285714,1.5,17.379472135444146,Houston Texans,Houston Texans,1,True
401772804,16,2025-12-22 01:20:00+00:00,New England Patriots,Baltimore Ravens,28,24,-2.96290763008584,1.5,-1.0,-0.8312857142857145,-3.2941933443715543,New England Patriots,New England Patriots,0,True
401772824,16,2025-12-23 01:15:00+00:00,San Francisco 49ers,Indianapolis Colts,48,27,3.5404388565676914,1.5,1.2857142857142858,-1.5,4.826153142281977,Indianapolis Colts,San Francisco 49ers,0,False
401772710,17,2025-12-25 18:00:00+00:00,Dallas Cowboys,Washington Commanders,30,23,-2.5808844408531266,1.5,-0.2857142857142858,-0.2947142857142855,-1.661313012281698,Dallas Cowboys,Dallas Cowboys,0,True
401772711,17,2025-12-25 21:30:00+00:00,Detroit Lions,Minnesota Vikings,10,23,-5.814022798414367,1.5,-0.8571428571428571,0.7762857142857142,-4.39487994127151,Detroit Lions,Minnesota Vikings,1,False
401772622,17,2025-12-26 01:15:00+00:00,Denver Broncos,Kansas City Chiefs,20,13,-4.8787347588336285,1.5,-1.2857142857142856,-1.3265714285714285,-5.991020473119343,Denver Broncos,Denver Broncos,0,True
401772951,17,2025-12-27 21:30:00+00:00,Houston Texans,Los Angeles Chargers,20,16,-0.4707558393711522,1.5,1.0,-0.2737142857142856,1.7555298749145622,Los Angeles Chargers,Houston Texans,0,False
401772953,17,2025-12-28 01:00:00+00:00,Baltimore Ravens,Green Bay Packers,41,24,3.7030492585451986,1.5,1.4285714285714284,-0.5638571428571431,6.067763544259483,Green Bay Packers,Baltimore Ravens,0,False
401772954,17,2025-12-28 18:00:00+00:00,Arizona Cardinals,Cincinnati Bengals,14,37,-3.528474870418307,1.5,0.14285714285714285,1.3688571428571428,-0.5167605847040213,Arizona Cardinals,Cincinnati Bengals,1,False
401772807,17,2025-12-28 18:00:00+00:00,Pittsburgh Steelers,Cleveland Browns,6,13,-5.400851879896652,1.5,-0.5714285714285714,-1.5,-5.972280451325223,Pittsburgh Steelers,Cleveland Browns,1,False
401772809,17,2025-12-28 18:00:00+00:00,New Orleans Saints,Tennessee Titans,34,26,-5.8084686921075495,1.5,-1.5714285714285714,-0.6615714285714284,-6.541468692107549,New Orleans Saints,New Orleans Saints,0,True
401772915,17,2025-12-28 18:00:00+00:00,Jacksonville Jaguars,Indianapolis Colts,23,17,0.44643000754305273,1.5,0.5714285714285714,-1.5,1.017858578971624,Indianapolis Colts,Jacksonville Jaguars,0,False
401772916,17,2025-12-28 18:00:00+00:00,Tampa Bay Buccaneers,Miami Dolphins,17,20,0.8244044498819152,1.5,0.42857142857142855,0.06871428571428535,2.821690164167629,Miami Dolphins,Miami Dolphins,1,True
401772808,17,2025-12-28 18:00:00+00:00,New England Patriots,New York Jets,42,10,-11.986981538030454,1.5,-2.0,-1.5,-13.986981538030454,New England Patriots,New England Patriots,0,True
401772952,17,2025-12-28 18:00:00+00:00,Seattle Seahawks,Carolina Panthers,27,10,-11.732199913225534,1.5,-2.0,-0.39199999999999996,-12.624199913225533,Seattle Seahawks,Seattle Seahawks,0,True
401772950,17,2025-12-28 21:05:00+00:00,New York Giants,Las Vegas Raiders,34,10,-1.689691719990618,1.5,0.2857142857142857,-0.6044285714285714,-0.5084060057049038,New York Giants,New York Giants,0,True
401772917,17,2025-12-28 21:25:00+00:00,Philadelphia Eagles,Buffalo Bills,13,12,0.06274213539415818,1.5,-0.7142857142857143,-0.6671428571428568,0.18131356396558707,Buffalo Bills,Philadelphia Eagles,0,False
401772935,17,2025-12-29 01:20:00+00:00,Chicago Bears,San Francisco 49ers,38,42,-0.5859757685943436,1.5,-1.1428571428571428,0.3844285714285712,0.15559565997708474,San Francisco 49ers,San Francisco 49ers,1,True
401772825,17,2025-12-30 01:15:00+00:00,Los Angeles Rams,Atlanta Falcons,24,27,-9.105607544102893,1.5,-0.2857142857142857,-1.5,-9.39132182981718,Los Angeles Rams,Atlanta Falcons,1,False
401772969,18,2026-01-03 21:30:00+00:00,Carolina Panthers,Tampa Bay Buccaneers,14,16,1.754650036675506,1.5,0.14285714285714285,0.06957142857142845,3.467078608104077,Tampa Bay Buccaneers,Tampa Bay Buccaneers,1,True
401772961,18,2026-01-04 01:00:00+00:00,Seattle Seahawks,San Francisco 49ers,13,3,-6.000644419743822,1.5,-1.1428571428571428,0.6274285714285712,-5.016072991172394,Seattle Seahawks,Seattle Seahawks,0,True
401772966,18,2026-01-04 18:00:00+00:00,New Orleans Saints,Atlanta Falcons,17,19,1.2926447389555809,1.5,0.8571428571428571,-0.6287142857142859,3.021073310384152,Atlanta Falcons,Atlanta Falcons,1,True
401772964,18,2026-01-04 18:00:00+00:00,Cleveland Browns,Cincinnati Bengals,20,18,-0.9781447099551803,1.5,-0.42857142857142855,1.5,1.593283861473391,Cincinnati Bengals,Cleveland Browns,0,False
401772968,18,2026-01-04 18:00:00+00:00,Green Bay Packers,Minnesota Vikings,3,16,-4.556300608717725,1.5,-0.8571428571428572,1.5,-2.4134434658605826,Green Bay Packers,Minnesota Vikings,1,False
401772963,18,2026-01-04 18:00:00+00:00,Dallas Cowboys,New York Giants,17,34,-1.6559344465328296,1.5,-0.5714285714285715,0.7745714285714287,0.04720841061002756,New York Giants,New York Giants,1,True
401772970,18,2026-01-04 18:00:00+00:00,Tennessee Titans,Jacksonville Jaguars,7,41,12.225613772221504,1.5,1.7142857142857142,1.342571428571429,16.782470915078648,Jacksonville Jaguars,Jacksonville Jaguars,1,True
401772962,18,2026-01-04 18:00:00+00:00,Indianapolis Colts,Houston Texans,30,38,0.6524228609978535,1.5,-0.42857142857142855,1.5,3.223851432426425,Houston Texans,Houston Texans,1,True
401772967,18,2026-01-04 21:25:00+00:00,New York Jets,Buffalo Bills,8,35,13.255928185278986,1.5,1.8571428571428572,1.5,18.113071042421844,Buffalo Bills,Buffalo Bills,1,True
401772965,18,2026-01-04 21:25:00+00:00,Detroit Lions,Chicago Bears,19,16,-1.7814913588105936,1.5,0.1428571428571428,1.5,1.3613657840465492,Chicago Bears,Detroit Lions,0,False
401772956,18,2026-01-04 21:25:00+00:00,Los Angeles Chargers,Denver Broncos,3,19,2.357042811895997,1.5,0.8571428571428571,-0.4318571428571425,4.282328526181711,Denver Broncos,Denver Broncos,1,True
401772957,18,2026-01-04 21:25:00+00:00,Kansas City Chiefs,Las Vegas Raiders,12,14,-8.267199307930852,1.5,-1.4285714285714286,-0.7517142857142857,-8.947485022216567,Kansas City Chiefs,Las Vegas Raiders,1,False
401772955,18,2026-01-04 21:25:00+00:00,Arizona Cardinals,Los Angeles Rams,20,37,11.50369433448008,1.5,2.0,1.5,16.50369433448008,Los Angeles Rams,Los Angeles Rams,1,True
401772958,18,2026-01-04 21:25:00+00:00,Miami Dolphins,New England Patriots,10,38,6.6736779728852955,1.5,1.2857142857142856,1.5,10.959392258599582,New England Patriots,New England Patriots,1,True
401772959,18,2026-01-04 21:25:00+00:00,Washington Commanders,Philadelphia Eagles,24,17,8.428194418291822,1.5,1.4285714285714284,1.5,12.85676584686325,Philadelphia Eagles,Washington Commanders,0,False
401772960,18,2026-01-05 01:20:00+00:00,Baltimore Ravens,Pittsburgh Steelers,24,26,-0.5948475042697732,1.5,-0.7142857142857142,-0.2862857142857146,-0.09541893284120195,Baltimore Ravens,Pittsburgh Steelers,1,False
